STO_ID;ORG_ID;STO_NAME;CIT_ID;STO_FLOOR;STO_OPENDATE;STO_CLOSEDATE;STO_SSS;STO_POSQTY
1;Brand2;STO_1_Tomé;1152166653;3000;2013-09-12;;Y;8
2;Brand4;STO_2_Talagante;1152696612;1500;2014-05-26;;Y;5
3;Brand3;STO_3_Rancagua;1152672356;3000;2014-06-05;;Y;8
4;Brand2;STO_4_San Felipe;1152329463;4000;2016-03-31;;Y;12
5;Brand2;STO_5_Andacollo;1152597504;1500;2010-06-06;;Y;5
6;Brand1;STO_6_Chépica;1152611232;1500;2015-03-19;;Y;5
7;Brand1;STO_7_Pichidegua;1152025661;1500;2013-04-14;;Y;5
8;Brand4;STO_8_Chicureo Abajo;1152232267;1500;2018-03-27;;Y;5
9;Brand1;STO_9_Constitución;1152065066;1000;2011-03-28;;Y;4
10;Brand1;STO_10_La Florida;1152939649;1500;2015-11-11;;Y;5
11;Brand2;STO_11_Temuco;1152318955;4000;2019-12-09;;Y;12
12;Brand4;STO_12_Loncoche;1152864736;1500;2011-02-10;;Y;5
13;Brand1;STO_13_Concón;1152523682;1000;2015-05-25;;Y;4
14;Brand4;STO_14_Chañaral;1152993625;1000;2013-11-17;;Y;4
15;Brand4;STO_15_Tomé;1152166653;1000;2018-11-25;;Y;4
16;Brand3;STO_16_Valparaíso;1152337970;1000;2012-08-18;;Y;4
17;Brand4;STO_17_Arauco;1152468620;1000;2017-10-08;;Y;4
18;Brand4;STO_18_Los Vilos;1152593219;3000;2015-09-19;;Y;8
19;Brand2;STO_19_Valparaíso;1152337970;4000;2010-12-20;;Y;12
20;Brand1;STO_20_Pozo Almonte;1152924094;1500;2012-12-17;;Y;5
21;Brand3;STO_21_Talcahuano;1152023044;3000;2012-02-03;;Y;8
22;Brand4;STO_22_Colina;1152944896;1000;2016-06-06;;Y;4
23;Brand2;STO_23_La Ligua;1152826056;3000;2010-07-22;;Y;8
24;Brand3;STO_24_Iquique;1152234625;3000;2011-09-02;;Y;8
25;Brand4;STO_25_Lampa;1152360918;3000;2011-08-31;;Y;8
26;Brand2;STO_26_Puerto Aysén;1152158570;3000;2011-05-18;;Y;8
27;Brand1;STO_27_Illapel;1152446656;1500;2012-07-27;;Y;5
28;Brand4;STO_28_Chañaral;1152993625;1500;2017-10-25;;Y;5
29;Brand4;STO_29_San Felipe;1152329463;3000;2019-05-08;;Y;8
30;Brand4;STO_30_Los Ángeles;1152810305;4000;2019-11-04;;Y;12
31;Brand2;STO_31_Lo Barnechea;1152490874;4000;2018-09-19;;Y;12
32;Brand1;STO_32_San Clemente;1152025924;1500;2019-10-17;;Y;5
33;Brand2;STO_33_Quinchao;1152119483;1000;2010-05-01;;Y;4
34;Brand2;STO_34_Papudo;1152436976;4000;2014-07-12;;Y;12
35;Brand3;STO_35_Ovalle;1152767334;4000;2010-01-11;;Y;12
36;Brand4;STO_36_Curarrehue;1152633898;3000;2012-12-20;;Y;8
37;Brand4;STO_37_Pelluhue;1152002138;1000;2010-03-18;;Y;4
38;Brand1;STO_38_Puerto Williams;1152455279;1500;2016-08-24;;Y;5
39;Brand1;STO_39_Palmilla;1152157193;1500;2015-03-04;;Y;5
40;Brand1;STO_40_Ventanas;1152227207;4000;2015-01-22;;Y;12
41;Brand4;STO_41_Alerce;1152663651;4000;2011-06-14;;Y;12
42;Brand3;STO_42_Chépica;1152611232;1500;2012-12-14;;Y;5
43;Brand3;STO_43_Chicureo Abajo;1152232267;1000;2012-10-17;;Y;4
44;Brand1;STO_44_San Fernando;1152802349;1000;2019-11-09;;Y;4
45;Brand2;STO_45_Puente Alto;1152516346;1500;2015-11-29;;Y;5
46;Brand1;STO_46_Pichidegua;1152025661;3000;2011-12-21;;Y;8
47;Brand4;STO_47_Lota;1152978276;4000;2013-03-08;;Y;12
48;Brand4;STO_48_Cabildo;1152995057;3000;2010-02-11;;Y;8
49;Brand3;STO_49_Dalcahue;1152458056;1500;2017-01-01;;Y;5
50;Brand4;STO_50_Chañaral;1152993625;4000;2017-07-14;;Y;12
51;Brand1;STO_51_Talcahuano;1152023044;1500;2018-02-24;;Y;5
52;Brand4;STO_52_Ovalle;1152767334;3000;2010-03-26;;Y;8
53;Brand1;STO_53_Valparaíso;1152337970;1000;2011-10-04;;Y;4
54;Brand1;STO_54_Toltén;1152450943;1500;2012-10-23;;Y;5
55;Brand2;STO_55_Lo Miranda;1152468313;3000;2010-11-25;;Y;8
56;Brand4;STO_56_La Granja;1152785745;4000;2012-05-06;;Y;12
57;Brand3;STO_57_Copiapó;1152406965;1500;2011-07-15;;Y;5
58;Brand3;STO_58_Espejo;1152487376;3000;2012-12-31;;Y;8
59;Brand3;STO_59_Caldera;1152916235;1500;2010-10-24;;Y;5
60;Brand1;STO_60_Tomé;1152166653;4000;2014-07-11;;Y;12
61;Brand4;STO_61_Ovalle;1152767334;4000;2010-11-30;;Y;12
62;Brand2;STO_62_Puerto Octay;1152604525;1000;2017-12-09;;Y;4
63;Brand4;STO_63_Santiago;1152554349;3000;2015-04-17;;Y;8
64;Brand2;STO_64_Lota;1152978276;3000;2012-09-06;;Y;8
65;Brand1;STO_65_Puerto Octay;1152604525;1500;2011-04-03;;Y;5
66;Brand3;STO_66_Nueva Imperial;1152277064;3000;2011-10-10;;Y;8
67;Brand4;STO_67_Curarrehue;1152633898;1500;2012-04-15;;Y;5
68;Brand1;STO_68_Rancagua;1152672356;1000;2011-09-24;;Y;4
69;Brand2;STO_69_Cauquenes;1152787999;3000;2014-04-03;;Y;8
70;Brand2;STO_70_Huasco;1152643675;3000;2015-12-05;;Y;8
71;Brand4;STO_71_San Felipe;1152329463;1500;2019-08-15;;Y;5
72;Brand3;STO_72_La Ligua;1152826056;4000;2018-11-05;;Y;12
73;Brand1;STO_73_Caldera;1152916235;4000;2015-09-16;;Y;12
74;Brand2;STO_74_Lo Barnechea;1152490874;3000;2013-06-19;;Y;8
75;Brand1;STO_75_Talcahuano;1152023044;1000;2010-10-26;;Y;4
76;Brand3;STO_76_Collipulli;1152908869;1000;2019-07-04;;Y;4
77;Brand2;STO_77_Lo Barnechea;1152490874;3000;2014-01-25;;Y;8
78;Brand2;STO_78_Ancud;1152760614;4000;2011-06-09;;Y;12
79;Brand1;STO_79_Illapel;1152446656;4000;2014-10-10;;Y;12
80;Brand1;STO_80_Panguipulli;1152158717;4000;2014-03-02;;Y;12
81;Brand2;STO_81_San José de Maipo;1152128380;1000;2013-09-09;;Y;4
82;Brand1;STO_82_Chillán;1152082093;4000;2011-05-08;;Y;12
83;Brand4;STO_83_Parral;1152767087;3000;2017-05-30;;Y;8
84;Brand1;STO_84_Quinchao;1152119483;1500;2016-08-07;;Y;5
85;Brand3;STO_85_Chillán;1152082093;3000;2010-08-07;;Y;8
86;Brand4;STO_86_Arica;1152531089;4000;2012-05-04;;Y;12
87;Brand1;STO_87_Placilla de Peñuelas;1152562274;1000;2015-09-23;;Y;4
88;Brand3;STO_88_Villa Alemana;1152839066;1000;2013-01-24;;Y;4
89;Brand1;STO_89_Panguipulli;1152158717;3000;2014-11-16;;Y;8
90;Brand2;STO_90_Loncoche;1152864736;1500;2019-05-30;;Y;5
91;Brand2;STO_91_Lo Miranda;1152468313;4000;2010-04-10;;Y;12
92;Brand4;STO_92_Coyhaique;1152541137;1500;2014-10-08;;Y;5
93;Brand3;STO_93_Cañete;1152180527;3000;2012-04-20;;Y;8
94;Brand2;STO_94_Constitución;1152065066;1000;2015-08-04;;Y;4
95;Brand4;STO_95_Galvarino;1152385949;1500;2012-01-17;;Y;5
96;Brand3;STO_96_Caldera;1152916235;1000;2017-08-08;;Y;4
97;Brand1;STO_97_Hijuelas;1152290187;1500;2011-10-18;;Y;5
98;Brand4;STO_98_Los Vilos;1152593219;4000;2011-03-22;;Y;12
99;Brand2;STO_99_Coquimbo;1152038253;3000;2014-11-22;;Y;8
100;Brand4;STO_100_San Bernardo;1152050361;4000;2010-07-09;;Y;12
101;Brand2;STO_101_Collipulli;1152908869;1500;2010-06-03;;Y;5
102;Brand4;STO_102_Oficina María Elena;1152876089;1500;2019-09-06;;Y;5
103;Brand2;STO_103_Quintero;1152270732;1000;2016-02-27;;Y;4
104;Brand2;STO_104_Las Condes;1152858037;3000;2019-01-02;;Y;8
105;Brand4;STO_105_Coronel;1152234834;1000;2016-07-24;;Y;4
106;Brand1;STO_106_San Antonio;1152830501;3000;2018-09-24;;Y;8
107;Brand2;STO_107_Huasco;1152643675;4000;2011-01-10;;Y;12
108;Brand4;STO_108_Constitución;1152065066;1500;2015-12-10;;Y;5
109;Brand4;STO_109_Huasco;1152643675;3000;2015-03-13;;Y;8
110;Brand3;STO_110_Antofagasta;1152734289;3000;2018-12-16;;Y;8
111;Brand3;STO_111_Batuco;1152375054;3000;2018-08-07;;Y;8
112;Brand1;STO_112_Puerto Natales;1152225106;1000;2019-12-06;;Y;4
113;Brand3;STO_113_Cabildo;1152995057;1000;2014-08-06;;Y;4
114;Brand2;STO_114_San Antonio;1152830501;3000;2013-06-18;;Y;8
115;Brand4;STO_115_Curanilahue;1152226096;3000;2012-03-21;;Y;8
116;Brand1;STO_116_San Felipe;1152329463;4000;2018-03-22;;Y;12
117;Brand2;STO_117_La Ligua;1152826056;1500;2018-08-28;;Y;5
118;Brand4;STO_118_Curacautín;1152761176;1000;2018-05-24;;Y;4
119;Brand3;STO_119_Talcahuano;1152023044;4000;2014-09-18;;Y;12
120;Brand2;STO_120_San Joaquín;1152095800;3000;2012-08-24;;Y;8
121;Brand3;STO_121_Los Vilos;1152593219;3000;2017-12-25;;Y;8
122;Brand2;STO_122_Cartagena;1152675574;3000;2015-09-19;;Y;8
123;Brand3;STO_123_Chépica;1152611232;1500;2013-05-11;;Y;5
124;Brand3;STO_124_Chicureo Abajo;1152232267;3000;2017-04-30;;Y;8
125;Brand4;STO_125_Galvarino;1152385949;1000;2017-11-01;;Y;4
126;Brand1;STO_126_Batuco;1152375054;4000;2017-01-12;;Y;12
127;Brand3;STO_127_Placilla de Peñuelas;1152562274;1000;2010-03-03;;Y;4
128;Brand1;STO_128_Cartagena;1152675574;1000;2016-01-16;;Y;4
129;Brand1;STO_129_Vicuña;1152771899;1500;2018-05-22;;Y;5
130;Brand2;STO_130_Curanilahue;1152226096;4000;2013-09-20;;Y;12
131;Brand4;STO_131_Alto Hospicio;1152536354;1500;2016-03-10;;Y;5
132;Brand1;STO_132_Diego de Almagro;1152585849;1500;2017-11-28;;Y;5
133;Brand2;STO_133_Vallenar;1152000009;4000;2012-06-11;;Y;12
134;Brand4;STO_134_Yungay;1152990591;1000;2016-02-19;;Y;4
135;Brand2;STO_135_Chicureo Abajo;1152232267;1500;2017-09-04;;Y;5
136;Brand4;STO_136_Salamanca;1152804087;1500;2016-08-21;;Y;5
137;Brand2;STO_137_San Antonio;1152830501;1500;2012-06-01;;Y;5
138;Brand4;STO_138_Collipulli;1152908869;1000;2011-09-17;;Y;4
139;Brand4;STO_139_Yungay;1152990591;1500;2017-01-04;;Y;5
140;Brand1;STO_140_Lota;1152978276;1500;2018-01-11;;Y;5
141;Brand3;STO_141_Pozo Almonte;1152924094;4000;2013-10-03;;Y;12
142;Brand2;STO_142_Puerto Montt;1152443957;1500;2017-04-05;;Y;5
143;Brand4;STO_143_Alto del Carmen;1152641971;3000;2011-12-12;;Y;8
144;Brand3;STO_144_Linares;1152783281;1500;2013-06-06;;Y;5
145;Brand4;STO_145_San Joaquín;1152095800;1500;2013-01-08;;Y;5
146;Brand1;STO_146_Las Condes;1152858037;4000;2018-05-03;;Y;12
147;Brand3;STO_147_San Pedro de Atacama;1152557633;4000;2015-03-27;;Y;12
148;Brand1;STO_148_Pelluhue;1152002138;4000;2011-01-21;;Y;12
149;Brand4;STO_149_San José de Maipo;1152128380;1500;2015-07-31;;Y;5
150;Brand2;STO_150_Quirihue;1152146130;4000;2011-03-25;;Y;12
151;Brand2;STO_151_Cartagena;1152675574;3000;2018-10-07;;Y;8
152;Brand2;STO_152_Lo Miranda;1152468313;1000;2016-02-24;;Y;4
153;Brand2;STO_153_San Clemente;1152025924;3000;2012-04-16;;Y;8
154;Brand2;STO_154_Cabildo;1152995057;1500;2013-09-25;;Y;5
155;Brand2;STO_155_Illapel;1152446656;1000;2017-12-24;;Y;4
156;Brand2;STO_156_Constitución;1152065066;1000;2017-02-05;;Y;4
157;Brand2;STO_157_Galvarino;1152385949;1500;2018-09-10;;Y;5
158;Brand1;STO_158_La Reina;1152154801;3000;2019-02-03;;Y;8
159;Brand1;STO_159_Vicuña;1152771899;1500;2012-07-24;;Y;5
160;Brand3;STO_160_Chicureo Abajo;1152232267;4000;2010-11-16;;Y;12
161;Brand4;STO_161_Lago Ranco;1152909758;4000;2011-10-27;;Y;12
162;Brand3;STO_162_Salamanca;1152804087;1000;2016-07-21;;Y;4
163;Brand3;STO_163_Los Andes;1152833598;3000;2014-01-29;;Y;8
164;Brand4;STO_164_Maipú;1152583016;4000;2016-06-07;;Y;12
165;Brand4;STO_165_Chillán;1152082093;4000;2015-04-11;;Y;12
166;Brand1;STO_166_Panguipulli;1152158717;4000;2017-12-18;;Y;12
167;Brand3;STO_167_Cartagena;1152675574;1000;2010-06-07;;Y;4
168;Brand3;STO_168_La Florida;1152939649;1500;2014-10-22;;Y;5
169;Brand1;STO_169_San Francisco de Mostazal;1152382411;4000;2011-08-12;;Y;12
170;Brand2;STO_170_Concón;1152523682;1500;2011-01-05;;Y;5
171;Brand2;STO_171_Pelluhue;1152002138;4000;2013-08-20;;Y;12
172;Brand4;STO_172_Pinto;1152171336;4000;2012-04-18;;Y;12
173;Brand1;STO_173_Vicuña;1152771899;1000;2014-04-20;;Y;4
174;Brand1;STO_174_Diego de Almagro;1152585849;1500;2015-07-22;;Y;5
175;Brand3;STO_175_Talca;1152736946;4000;2016-01-14;;Y;12
176;Brand2;STO_176_Puerto Natales;1152225106;1500;2018-08-20;;Y;5
177;Brand2;STO_177_El Tabo;1152719676;1500;2017-11-05;;Y;5
178;Brand3;STO_178_Coquimbo;1152038253;4000;2010-05-17;;Y;12
179;Brand2;STO_179_Angol;1152404762;1500;2014-10-06;;Y;5
180;Brand4;STO_180_San Pedro;1152749736;4000;2011-08-31;;Y;12
181;Brand3;STO_181_Espejo;1152487376;1500;2018-07-27;;Y;5
182;Brand3;STO_182_Lo Barnechea;1152490874;4000;2017-09-11;;Y;12
183;Brand2;STO_183_Concón;1152523682;1000;2010-11-15;;Y;4
184;Brand2;STO_184_Cartagena;1152675574;3000;2016-02-23;;Y;8
185;Brand1;STO_185_Porvenir;1152790211;4000;2013-10-01;;Y;12
186;Brand2;STO_186_Loncoche;1152864736;1000;2013-04-11;;Y;4
187;Brand2;STO_187_Lago Ranco;1152909758;1500;2017-04-26;;Y;5
188;Brand4;STO_188_Pozo Almonte;1152924094;1000;2019-03-22;;Y;4
189;Brand4;STO_189_San Felipe;1152329463;4000;2011-01-02;;Y;12
190;Brand2;STO_190_Ovalle;1152767334;4000;2015-06-10;;Y;12
191;Brand3;STO_191_Lanco;1152703909;3000;2018-04-29;;Y;8
192;Brand1;STO_192_Galvarino;1152385949;1000;2017-08-17;;Y;4
193;Brand3;STO_193_San Clemente;1152025924;1000;2015-11-01;;Y;4
194;Brand1;STO_194_Osorno;1152866014;3000;2010-08-13;;Y;8
195;Brand3;STO_195_Vicuña;1152771899;1000;2017-03-26;;Y;4
196;Brand4;STO_196_Temuco;1152318955;3000;2014-07-09;;Y;8
197;Brand4;STO_197_Puerto Octay;1152604525;4000;2015-01-08;;Y;12
198;Brand2;STO_198_Penco;1152993969;1000;2015-06-08;;Y;4
199;Brand2;STO_199_Lampa;1152360918;4000;2018-05-05;;Y;12
200;Brand4;STO_200_Combarbalá;1152896722;1500;2013-11-13;;Y;5
201;Brand4;STO_201_Illapel;1152446656;1500;2017-12-28;;Y;5
202;Brand2;STO_202_La Calera;1152388166;3000;2018-07-18;;Y;8
203;Brand1;STO_203_Copiapó;1152406965;3000;2012-09-26;;Y;8
204;Brand3;STO_204_Antofagasta;1152734289;1000;2018-02-27;;Y;4
205;Brand4;STO_205_Futrono;1152738108;4000;2010-07-30;;Y;12
206;Brand2;STO_206_Cochrane;1152054657;1000;2018-12-24;;Y;4
207;Brand3;STO_207_El Palqui;1152942704;1500;2014-04-30;;Y;5
208;Brand1;STO_208_Temuco;1152318955;3000;2018-08-31;;Y;8
209;Brand4;STO_209_Arica;1152531089;1000;2018-09-19;;Y;4
210;Brand2;STO_210_Cartagena;1152675574;3000;2015-01-11;;Y;8
211;Brand2;STO_211_Constitución;1152065066;4000;2015-09-24;;Y;12
212;Brand4;STO_212_Futrono;1152738108;1000;2015-12-30;;Y;4
213;Brand2;STO_213_Puente Alto;1152516346;4000;2018-04-28;;Y;12
214;Brand3;STO_214_Quirihue;1152146130;1000;2017-05-31;;Y;4
215;Brand2;STO_215_Pozo Almonte;1152924094;1000;2018-07-22;;Y;4
216;Brand1;STO_216_Caldera;1152916235;3000;2011-01-19;;Y;8
217;Brand1;STO_217_Pichidegua;1152025661;4000;2015-09-05;;Y;12
218;Brand2;STO_218_Chépica;1152611232;1500;2019-11-15;;Y;5
219;Brand2;STO_219_Toltén;1152450943;1500;2017-06-03;;Y;5
220;Brand2;STO_220_Coronel;1152234834;4000;2017-11-26;;Y;12
221;Brand2;STO_221_Las Condes;1152858037;3000;2019-10-20;;Y;8
222;Brand2;STO_222_Pelluhue;1152002138;1000;2013-02-24;;Y;4
223;Brand2;STO_223_Puerto Aysén;1152158570;3000;2016-11-05;;Y;8
224;Brand2;STO_224_Vicuña;1152771899;4000;2014-09-20;;Y;12
225;Brand1;STO_225_Vicuña;1152771899;1500;2013-12-16;;Y;5
226;Brand1;STO_226_Cabildo;1152995057;3000;2015-09-12;;Y;8
227;Brand1;STO_227_Coquimbo;1152038253;3000;2013-07-09;;Y;8
228;Brand1;STO_228_Talca;1152736946;3000;2016-12-15;;Y;8
229;Brand1;STO_229_San Joaquín;1152095800;1500;2011-04-24;;Y;5
230;Brand3;STO_230_Talcahuano;1152023044;4000;2011-12-28;;Y;12
231;Brand3;STO_231_Parral;1152767087;4000;2010-12-08;;Y;12
232;Brand4;STO_232_Lo Barnechea;1152490874;1500;2019-04-13;;Y;5
233;Brand2;STO_233_Curacautín;1152761176;1500;2010-06-29;;Y;5
234;Brand1;STO_234_Los Lagos;1152340454;4000;2019-07-01;;Y;12
235;Brand1;STO_235_Copiapó;1152406965;1500;2016-07-08;;Y;5
236;Brand4;STO_236_Quilpué;1152063222;4000;2018-03-31;;Y;12
237;Brand2;STO_237_Parral;1152767087;4000;2012-08-13;;Y;12
238;Brand3;STO_238_Los Vilos;1152593219;1500;2011-03-10;;Y;5
239;Brand1;STO_239_Chiguayante;1152693546;1500;2019-12-20;;Y;5
240;Brand2;STO_240_Cochrane;1152054657;3000;2016-02-05;;Y;8
241;Brand1;STO_241_Coyhaique;1152541137;4000;2016-12-19;;Y;12
242;Brand4;STO_242_Chépica;1152611232;1500;2010-04-17;;Y;5
243;Brand3;STO_243_Peumo;1152229023;1500;2019-05-15;;Y;5
244;Brand1;STO_244_Taltal;1152265576;3000;2011-11-27;;Y;8
245;Brand1;STO_245_Chillán;1152082093;1000;2012-12-13;;Y;4
246;Brand4;STO_246_Chaitén;1152008170;1500;2013-03-09;;Y;5
247;Brand3;STO_247_Rancagua;1152672356;1000;2016-01-30;;Y;4
248;Brand1;STO_248_Espejo;1152487376;1000;2018-01-27;;Y;4
249;Brand3;STO_249_Los Lagos;1152340454;3000;2017-06-01;;Y;8
250;Brand4;STO_250_Cartagena;1152675574;3000;2019-11-29;;Y;8
251;Brand4;STO_251_San Fernando;1152802349;1500;2018-05-04;;Y;5
252;Brand2;STO_252_Santiago;1152554349;1500;2018-07-27;;Y;5
253;Brand4;STO_253_Puerto Varas;1152560692;3000;2018-02-16;;Y;8
254;Brand4;STO_254_María Pinto;1152556156;4000;2017-12-18;;Y;12
255;Brand1;STO_255_Villa Alemana;1152839066;3000;2016-01-25;;Y;8
256;Brand3;STO_256_Santa Bárbara;1152827647;1500;2017-06-12;;Y;5
257;Brand4;STO_257_Calama;1152168074;1500;2014-09-05;;Y;5
258;Brand2;STO_258_Puerto Williams;1152455279;4000;2013-10-16;;Y;12
259;Brand3;STO_259_Rancagua;1152672356;3000;2017-08-17;;Y;8
260;Brand3;STO_260_Batuco;1152375054;3000;2014-08-25;;Y;8
261;Brand4;STO_261_Diego de Almagro;1152585849;4000;2013-08-03;;Y;12
262;Brand2;STO_262_Ventanas;1152227207;3000;2015-10-05;;Y;8
263;Brand2;STO_263_Buin;1152114001;1000;2013-02-14;;Y;4
264;Brand2;STO_264_Antofagasta;1152734289;3000;2017-09-01;;Y;8
265;Brand1;STO_265_Calbuco;1152875669;4000;2019-12-20;;Y;12
266;Brand4;STO_266_Valparaíso;1152337970;3000;2017-11-17;;Y;8
267;Brand3;STO_267_Quellón;1152502358;4000;2018-07-31;;Y;12
268;Brand4;STO_268_Curicó;1152564798;3000;2016-11-26;;Y;8
269;Brand4;STO_269_Chañaral;1152993625;1000;2016-07-19;;Y;4
270;Brand4;STO_270_Chillán;1152082093;1500;2018-12-16;;Y;5
271;Brand2;STO_271_Los Lagos;1152340454;1000;2015-12-07;;Y;4
272;Brand3;STO_272_Melipilla;1152483678;1000;2012-03-09;;Y;4
273;Brand3;STO_273_Yungay;1152990591;4000;2016-03-26;;Y;12
274;Brand1;STO_274_Talagante;1152696612;3000;2016-05-07;;Y;8
275;Brand1;STO_275_Quintero;1152270732;1000;2018-10-19;;Y;4
276;Brand1;STO_276_Hanga Roa;1152267672;3000;2019-05-03;;Y;8
277;Brand1;STO_277_San Felipe;1152329463;4000;2012-07-30;;Y;12
278;Brand2;STO_278_Futrono;1152738108;1000;2013-05-28;;Y;4
279;Brand4;STO_279_Ancud;1152760614;4000;2013-06-04;;Y;12
280;Brand2;STO_280_Lampa;1152360918;1000;2015-02-16;;Y;4
281;Brand3;STO_281_Bulnes;1152653950;4000;2016-10-28;;Y;12
282;Brand1;STO_282_Purén;1152043737;4000;2019-04-11;;Y;12
283;Brand2;STO_283_Lebu;1152064207;1000;2011-12-27;;Y;4
284;Brand4;STO_284_Pelluhue;1152002138;1500;2013-03-16;;Y;5
285;Brand4;STO_285_Antofagasta;1152734289;4000;2018-09-05;;Y;12
286;Brand4;STO_286_Toltén;1152450943;1000;2013-06-02;;Y;4
287;Brand1;STO_287_Antofagasta;1152734289;3000;2014-04-11;;Y;8
288;Brand3;STO_288_El Tabo;1152719676;3000;2018-06-29;;Y;8
289;Brand2;STO_289_Laraquete;1152199352;1500;2015-11-23;;Y;5
290;Brand1;STO_290_Valparaíso;1152337970;4000;2012-06-05;;Y;12
291;Brand1;STO_291_Loncoche;1152864736;4000;2018-06-02;;Y;12
292;Brand3;STO_292_San José de Maipo;1152128380;3000;2016-08-08;;Y;8
293;Brand2;STO_293_Pozo Almonte;1152924094;3000;2017-11-06;;Y;8
294;Brand3;STO_294_Isla de Maipo;1152656260;1000;2013-05-03;;Y;4
295;Brand2;STO_295_Lo Miranda;1152468313;1000;2013-11-21;;Y;4
296;Brand1;STO_296_Puerto Montt;1152443957;4000;2016-11-08;;Y;12
297;Brand1;STO_297_Batuco;1152375054;1500;2019-04-01;;Y;5
298;Brand1;STO_298_Caldera;1152916235;1500;2016-08-03;;Y;5
299;Brand4;STO_299_Las Cabras;1152883984;1500;2017-03-26;;Y;5
300;Brand4;STO_300_Lampa;1152360918;4000;2016-02-18;;Y;12
301;Brand1;STO_301_Calama;1152168074;1500;2012-02-01;;Y;5
302;Brand1;STO_302_San Bernardo;1152050361;3000;2018-10-27;;Y;8
303;Brand4;STO_303_Peñaflor;1152857586;1000;2010-12-09;;Y;4
304;Brand3;STO_304_Ventanas;1152227207;1500;2016-07-14;;Y;5
305;Brand1;STO_305_Puerto Aysén;1152158570;3000;2019-08-22;;Y;8
306;Brand4;STO_306_Vallenar;1152000009;1500;2018-07-01;;Y;5
307;Brand1;STO_307_Puerto Octay;1152604525;3000;2012-05-12;;Y;8
308;Brand2;STO_308_Nueva Imperial;1152277064;3000;2017-11-11;;Y;8
309;Brand4;STO_309_Cañete;1152180527;3000;2012-12-20;;Y;8
310;Brand4;STO_310_Pichidegua;1152025661;1500;2010-11-20;;Y;5
311;Brand3;STO_311_Alerce;1152663651;1500;2016-06-12;;Y;5
312;Brand1;STO_312_Ancud;1152760614;1500;2017-10-31;;Y;5
313;Brand3;STO_313_La Ligua;1152826056;3000;2016-10-12;;Y;8
314;Brand3;STO_314_Casablanca;1152471983;4000;2014-07-12;;Y;12
315;Brand3;STO_315_San Clemente;1152025924;1500;2011-04-21;;Y;5
316;Brand2;STO_316_Chiguayante;1152693546;3000;2014-08-06;;Y;8
317;Brand3;STO_317_San José de Maipo;1152128380;1000;2018-06-12;;Y;4
318;Brand2;STO_318_Alerce;1152663651;1000;2012-01-16;;Y;4
319;Brand4;STO_319_Combarbalá;1152896722;1500;2016-09-25;;Y;5
320;Brand3;STO_320_Maipú;1152583016;3000;2015-06-20;;Y;8
321;Brand1;STO_321_Tierra Amarilla;1152576362;3000;2011-01-29;;Y;8
322;Brand3;STO_322_Las Cabras;1152883984;3000;2016-07-05;;Y;8
323;Brand3;STO_323_Papudo;1152436976;1500;2016-07-09;;Y;5
324;Brand4;STO_324_Espejo;1152487376;4000;2012-12-04;;Y;12
325;Brand3;STO_325_Laraquete;1152199352;1000;2015-04-25;;Y;4
326;Brand4;STO_326_Pichidegua;1152025661;4000;2019-09-05;;Y;12
327;Brand3;STO_327_Curicó;1152564798;1000;2016-01-02;;Y;4
328;Brand1;STO_328_San Fernando;1152802349;1500;2019-02-24;;Y;5
329;Brand1;STO_329_Concón;1152523682;4000;2010-04-15;;Y;12
330;Brand1;STO_330_San Clemente;1152025924;3000;2014-10-15;;Y;8
331;Brand1;STO_331_Monte Águila;1152417424;1500;2015-09-02;;Y;5
332;Brand2;STO_332_La Florida;1152939649;1500;2016-06-21;;Y;5
333;Brand3;STO_333_Curarrehue;1152633898;3000;2013-04-10;;Y;8
334;Brand4;STO_334_Curarrehue;1152633898;1000;2012-12-12;;Y;4
335;Brand2;STO_335_Dalcahue;1152458056;1000;2017-10-06;;Y;4
336;Brand1;STO_336_Valparaíso;1152337970;1000;2018-07-16;;Y;4
337;Brand3;STO_337_Isla de Maipo;1152656260;3000;2018-01-15;;Y;8
338;Brand2;STO_338_Lampa;1152360918;1500;2016-09-25;;Y;5
339;Brand4;STO_339_Taltal;1152265576;3000;2019-08-26;;Y;8
340;Brand4;STO_340_Colina;1152944896;4000;2016-09-01;;Y;12
341;Brand4;STO_341_Quinchao;1152119483;1500;2013-05-19;;Y;5
342;Brand3;STO_342_Cabildo;1152995057;1000;2012-06-10;;Y;4
343;Brand3;STO_343_La Punta;1152001353;1500;2011-11-30;;Y;5
344;Brand3;STO_344_San Pedro;1152749736;1500;2019-09-19;;Y;5
345;Brand1;STO_345_Villarrica;1152280288;1000;2017-07-24;;Y;4
346;Brand1;STO_346_Puente Alto;1152516346;1000;2015-10-14;;Y;4
347;Brand4;STO_347_Quirihue;1152146130;1000;2011-04-26;;Y;4
348;Brand4;STO_348_San Clemente;1152025924;1500;2014-12-20;;Y;5
349;Brand3;STO_349_Valparaíso;1152337970;4000;2010-08-08;;Y;12
350;Brand4;STO_350_El Tabo;1152719676;1000;2018-09-09;;Y;4
351;Brand2;STO_351_Osorno;1152866014;1000;2014-08-21;;Y;4
352;Brand2;STO_352_Tierra Amarilla;1152576362;3000;2012-12-30;;Y;8
353;Brand3;STO_353_San Francisco de Mostazal;1152382411;4000;2016-08-10;;Y;12
354;Brand1;STO_354_Lo Miranda;1152468313;1500;2012-11-17;;Y;5
355;Brand3;STO_355_Monte Águila;1152417424;1500;2010-08-26;;Y;5
356;Brand1;STO_356_Salamanca;1152804087;4000;2010-10-31;;Y;12
357;Brand4;STO_357_Hijuelas;1152290187;4000;2014-09-30;;Y;12
358;Brand4;STO_358_San Pedro de Atacama;1152557633;1000;2015-06-29;;Y;4
359;Brand2;STO_359_Los Vilos;1152593219;1000;2016-01-27;;Y;4
360;Brand2;STO_360_Dalcahue;1152458056;1500;2017-01-06;;Y;5
361;Brand2;STO_361_Talagante;1152696612;1000;2014-09-16;;Y;4
362;Brand4;STO_362_Puerto Natales;1152225106;1500;2011-03-24;;Y;5
363;Brand3;STO_363_Puerto Aysén;1152158570;1000;2012-04-05;;Y;4
364;Brand3;STO_364_Río Bueno;1152938619;3000;2017-04-20;;Y;8
365;Brand2;STO_365_María Pinto;1152556156;4000;2019-05-26;;Y;12
366;Brand1;STO_366_Los Ángeles;1152810305;1000;2017-06-07;;Y;4
367;Brand3;STO_367_San Clemente;1152025924;1500;2010-08-08;;Y;5
368;Brand4;STO_368_Frutillar;1152151773;1500;2017-01-12;;Y;5
369;Brand3;STO_369_Cochrane;1152054657;4000;2019-03-13;;Y;12
370;Brand4;STO_370_Ancud;1152760614;4000;2015-02-28;;Y;12
371;Brand1;STO_371_Lonquimay;1152602801;1500;2011-01-18;;Y;5
372;Brand3;STO_372_San Fernando;1152802349;1000;2013-03-05;;Y;4
373;Brand3;STO_373_Punta Arenas;1152262933;1000;2011-10-22;;Y;4
374;Brand3;STO_374_Futrono;1152738108;3000;2013-04-05;;Y;8
375;Brand3;STO_375_Vallenar;1152000009;1000;2018-07-27;;Y;4
376;Brand2;STO_376_Arauco;1152468620;1000;2010-07-08;;Y;4
377;Brand4;STO_377_Calama;1152168074;1000;2012-10-14;;Y;4
378;Brand3;STO_378_Los Ángeles;1152810305;4000;2014-10-07;;Y;12
379;Brand4;STO_379_Linares;1152783281;1500;2017-01-13;;Y;5
380;Brand4;STO_380_Yungay;1152990591;1500;2011-12-03;;Y;5
381;Brand4;STO_381_Quilpué;1152063222;4000;2019-05-18;;Y;12
382;Brand2;STO_382_Espejo;1152487376;4000;2017-11-22;;Y;12
383;Brand1;STO_383_Calbuco;1152875669;3000;2018-04-21;;Y;8
384;Brand4;STO_384_Peumo;1152229023;1000;2011-01-26;;Y;4
385;Brand2;STO_385_Illapel;1152446656;3000;2019-03-21;;Y;8
386;Brand1;STO_386_Curarrehue;1152633898;4000;2018-05-11;;Y;12
387;Brand4;STO_387_Galvarino;1152385949;1000;2017-10-03;;Y;4
388;Brand2;STO_388_Constitución;1152065066;4000;2015-07-26;;Y;12
389;Brand2;STO_389_Papudo;1152436976;1000;2014-11-23;;Y;4
390;Brand3;STO_390_San Pedro de Atacama;1152557633;3000;2015-02-13;;Y;8
391;Brand4;STO_391_Oficina María Elena;1152876089;1500;2015-06-15;;Y;5
392;Brand4;STO_392_Valparaíso;1152337970;3000;2010-11-17;;Y;8
393;Brand4;STO_393_Cartagena;1152675574;1500;2012-09-21;;Y;5
394;Brand2;STO_394_San Felipe;1152329463;1500;2015-03-01;;Y;5
395;Brand3;STO_395_Lampa;1152360918;4000;2013-11-21;;Y;12
396;Brand2;STO_396_Lampa;1152360918;3000;2015-04-22;;Y;8
397;Brand3;STO_397_Taltal;1152265576;1000;2011-07-16;;Y;4
398;Brand3;STO_398_Panguipulli;1152158717;1000;2017-02-05;;Y;4
399;Brand1;STO_399_San José de Maipo;1152128380;4000;2010-12-18;;Y;12
400;Brand1;STO_400_Curanilahue;1152226096;1000;2011-01-05;;Y;4
401;Brand4;STO_401_San Fernando;1152802349;1000;2017-06-29;;Y;4
402;Brand3;STO_402_Los Lagos;1152340454;1500;2017-06-12;;Y;5
403;Brand4;STO_403_San José de Maipo;1152128380;3000;2019-06-04;;Y;8
404;Brand1;STO_404_Lampa;1152360918;4000;2013-02-05;;Y;12
405;Brand4;STO_405_Fresia;1152963859;3000;2011-10-26;;Y;8
406;Brand1;STO_406_San Pedro;1152749736;3000;2011-01-04;;Y;8
407;Brand2;STO_407_Curicó;1152564798;4000;2011-08-11;;Y;12
408;Brand3;STO_408_Lampa;1152360918;1000;2013-05-13;;Y;4
409;Brand2;STO_409_Quillota;1152185579;3000;2016-09-19;;Y;8
410;Brand4;STO_410_Osorno;1152866014;1000;2017-06-01;;Y;4
411;Brand3;STO_411_Puerto Montt;1152443957;1500;2019-05-16;;Y;5
412;Brand4;STO_412_Pichidegua;1152025661;1000;2013-07-12;;Y;4
413;Brand1;STO_413_Salamanca;1152804087;1500;2015-01-29;;Y;5
414;Brand2;STO_414_Chillán;1152082093;1500;2015-10-11;;Y;5
415;Brand1;STO_415_Iquique;1152234625;1500;2015-06-24;;Y;5
416;Brand4;STO_416_La Ligua;1152826056;4000;2019-11-24;;Y;12
417;Brand3;STO_417_Maipú;1152583016;3000;2016-10-24;;Y;8
418;Brand4;STO_418_Los Ángeles;1152810305;3000;2015-12-31;;Y;8
419;Brand2;STO_419_Los Vilos;1152593219;3000;2018-06-12;;Y;8
420;Brand3;STO_420_Hanga Roa;1152267672;1500;2013-01-28;;Y;5
421;Brand1;STO_421_Las Cabras;1152883984;1000;2014-04-26;;Y;4
422;Brand3;STO_422_Santa Bárbara;1152827647;3000;2018-07-14;;Y;8
423;Brand4;STO_423_Cabildo;1152995057;1500;2011-11-24;;Y;5
424;Brand1;STO_424_Quilpué;1152063222;1500;2011-05-05;;Y;5
425;Brand2;STO_425_Ovalle;1152767334;3000;2011-06-17;;Y;8
426;Brand3;STO_426_Nueva Imperial;1152277064;3000;2015-06-19;;Y;8
427;Brand1;STO_427_Victoria;1152078114;1500;2017-01-20;;Y;5
428;Brand1;STO_428_Isla de Maipo;1152656260;1500;2010-03-15;;Y;5
429;Brand1;STO_429_Oficina María Elena;1152876089;1000;2011-10-15;;Y;4
430;Brand4;STO_430_Porvenir;1152790211;4000;2019-06-12;;Y;12
431;Brand1;STO_431_Maipú;1152583016;3000;2010-06-08;;Y;8
432;Brand1;STO_432_Peñaflor;1152857586;1500;2011-01-24;;Y;5
433;Brand2;STO_433_Buin;1152114001;4000;2014-03-27;;Y;12
434;Brand1;STO_434_Talca;1152736946;4000;2015-05-29;;Y;12
435;Brand1;STO_435_Taltal;1152265576;1500;2011-03-28;;Y;5
436;Brand2;STO_436_Santa Bárbara;1152827647;4000;2011-06-04;;Y;12
437;Brand2;STO_437_Oficina María Elena;1152876089;4000;2017-05-25;;Y;12
438;Brand2;STO_438_Frutillar;1152151773;1000;2015-08-16;;Y;4
439;Brand1;STO_439_Cochrane;1152054657;1500;2012-06-16;;Y;5
440;Brand3;STO_440_Parral;1152767087;4000;2016-04-01;;Y;12
441;Brand2;STO_441_Fresia;1152963859;1000;2013-09-25;;Y;4
442;Brand4;STO_442_Bulnes;1152653950;4000;2019-05-25;;Y;12
443;Brand2;STO_443_La Reina;1152154801;4000;2010-05-20;;Y;12
444;Brand2;STO_444_Lebu;1152064207;1000;2016-02-07;;Y;4
445;Brand2;STO_445_Curanilahue;1152226096;4000;2015-01-08;;Y;12
446;Brand1;STO_446_Toltén;1152450943;1500;2012-10-04;;Y;5
447;Brand4;STO_447_Combarbalá;1152896722;1500;2012-01-21;;Y;5
448;Brand1;STO_448_Purranque;1152468662;1000;2017-04-28;;Y;4
449;Brand2;STO_449_Pelluhue;1152002138;3000;2019-09-24;;Y;8
450;Brand1;STO_450_Arica;1152531089;4000;2019-02-24;;Y;12
451;Brand1;STO_451_La Reina;1152154801;1000;2019-04-18;;Y;4
452;Brand4;STO_452_Quilpué;1152063222;1000;2016-09-27;;Y;4
453;Brand4;STO_453_Espejo;1152487376;1500;2019-05-11;;Y;5
454;Brand4;STO_454_Huasco;1152643675;4000;2010-08-16;;Y;12
455;Brand3;STO_455_Tomé;1152166653;3000;2012-08-24;;Y;8
456;Brand1;STO_456_Fresia;1152963859;1000;2012-02-25;;Y;4
457;Brand1;STO_457_Tierra Amarilla;1152576362;3000;2012-05-18;;Y;8
458;Brand2;STO_458_Pichidegua;1152025661;3000;2011-03-15;;Y;8
459;Brand2;STO_459_Curarrehue;1152633898;3000;2017-02-01;;Y;8
460;Brand1;STO_460_Alto Hospicio;1152536354;1000;2010-05-20;;Y;4
461;Brand4;STO_461_Puerto Octay;1152604525;1000;2010-01-01;;Y;4
462;Brand1;STO_462_San Antonio;1152830501;4000;2017-09-29;;Y;12
463;Brand2;STO_463_San Clemente;1152025924;1000;2015-03-08;;Y;4
464;Brand4;STO_464_Calama;1152168074;1500;2017-12-08;;Y;5
465;Brand4;STO_465_Penco;1152993969;1500;2019-03-24;;Y;5
466;Brand2;STO_466_Collipulli;1152908869;4000;2013-01-18;;Y;12
467;Brand1;STO_467_Frutillar;1152151773;4000;2012-11-20;;Y;12
468;Brand3;STO_468_Temuco;1152318955;1000;2014-04-26;;Y;4
469;Brand3;STO_469_Espejo;1152487376;3000;2018-06-14;;Y;8
470;Brand3;STO_470_La Florida;1152939649;1500;2013-04-12;;Y;5
471;Brand1;STO_471_Porvenir;1152790211;1500;2017-02-13;;Y;5
472;Brand3;STO_472_Las Cabras;1152883984;3000;2012-06-11;;Y;8
473;Brand2;STO_473_San Pedro;1152749736;1000;2013-03-10;;Y;4
474;Brand4;STO_474_Oficina María Elena;1152876089;1000;2018-10-03;;Y;4
475;Brand4;STO_475_Tocopilla;1152050254;3000;2011-09-09;;Y;8
476;Brand1;STO_476_Quillota;1152185579;1500;2015-10-14;;Y;5
477;Brand2;STO_477_Quilpué;1152063222;4000;2014-06-19;;Y;12
478;Brand2;STO_478_La Reina;1152154801;1000;2019-11-11;;Y;4
479;Brand4;STO_479_Villa Alemana;1152839066;3000;2017-12-08;;Y;8
480;Brand3;STO_480_Cabildo;1152995057;1000;2017-11-14;;Y;4
481;Brand4;STO_481_Tierra Amarilla;1152576362;3000;2011-01-06;;Y;8
482;Brand1;STO_482_Pucón;1152377330;1500;2011-08-17;;Y;5
483;Brand3;STO_483_Tocopilla;1152050254;1000;2011-07-27;;Y;4
484;Brand1;STO_484_Tocopilla;1152050254;1500;2015-03-03;;Y;5
485;Brand2;STO_485_Coronel;1152234834;1500;2019-04-25;;Y;5
486;Brand2;STO_486_Pinto;1152171336;4000;2012-09-02;;Y;12
487;Brand1;STO_487_Dalcahue;1152458056;4000;2019-04-04;;Y;12
488;Brand3;STO_488_Cañete;1152180527;1000;2015-07-17;;Y;4
489;Brand1;STO_489_Casablanca;1152471983;1000;2018-01-28;;Y;4
490;Brand4;STO_490_Río Bueno;1152938619;4000;2017-01-19;;Y;12
491;Brand3;STO_491_Constitución;1152065066;3000;2010-11-20;;Y;8
492;Brand4;STO_492_Panguipulli;1152158717;1500;2014-03-05;;Y;5
493;Brand2;STO_493_Puerto Montt;1152443957;1000;2011-01-16;;Y;4
494;Brand3;STO_494_Coronel;1152234834;1500;2014-12-08;;Y;5
495;Brand1;STO_495_Cartagena;1152675574;4000;2012-08-03;;Y;12
496;Brand4;STO_496_Ovalle;1152767334;1500;2015-06-03;;Y;5
497;Brand2;STO_497_Ancud;1152760614;4000;2017-09-30;;Y;12
498;Brand2;STO_498_San Joaquín;1152095800;1500;2010-06-16;;Y;5
499;Brand3;STO_499_Caldera;1152916235;1500;2016-05-12;;Y;5
500;Brand3;STO_500_Chonchi;1152428145;4000;2010-05-22;;Y;12
501;Brand2;STO_501_Rancagua;1152672356;1500;2014-07-26;;Y;5
502;Brand1;STO_502_Oficina María Elena;1152876089;1000;2015-07-12;;Y;4
503;Brand4;STO_503_Papudo;1152436976;1500;2013-03-14;;Y;5
504;Brand2;STO_504_Curacautín;1152761176;1500;2016-04-10;;Y;5
505;Brand1;STO_505_San Joaquín;1152095800;3000;2014-07-20;;Y;8
506;Brand4;STO_506_Osorno;1152866014;1500;2018-01-15;;Y;5
507;Brand3;STO_507_Constitución;1152065066;3000;2016-10-07;;Y;8
508;Brand4;STO_508_Calbuco;1152875669;1500;2017-03-30;;Y;5
509;Brand4;STO_509_Yungay;1152990591;4000;2016-06-01;;Y;12
510;Brand3;STO_510_Talcahuano;1152023044;1000;2018-01-29;;Y;4
511;Brand4;STO_511_Iquique;1152234625;4000;2019-02-17;;Y;12
512;Brand3;STO_512_Las Condes;1152858037;4000;2016-08-05;;Y;12
513;Brand4;STO_513_Andacollo;1152597504;1500;2010-04-15;;Y;5
514;Brand2;STO_514_Concón;1152523682;4000;2012-03-03;;Y;12
515;Brand1;STO_515_Caldera;1152916235;1500;2015-10-19;;Y;5
516;Brand1;STO_516_Hijuelas;1152290187;1500;2010-03-06;;Y;5
517;Brand2;STO_517_El Tabo;1152719676;1000;2017-09-17;;Y;4
518;Brand2;STO_518_Ancud;1152760614;1500;2013-03-01;;Y;5
519;Brand1;STO_519_Parral;1152767087;1500;2018-06-23;;Y;5
520;Brand1;STO_520_Futrono;1152738108;3000;2019-03-05;;Y;8
521;Brand3;STO_521_Vicuña;1152771899;3000;2012-02-01;;Y;8
522;Brand1;STO_522_San Antonio;1152830501;1500;2011-07-23;;Y;5
523;Brand4;STO_523_Bulnes;1152653950;1500;2013-05-07;;Y;5
524;Brand3;STO_524_Lago Ranco;1152909758;3000;2013-02-05;;Y;8
525;Brand3;STO_525_Quirihue;1152146130;1500;2019-02-26;;Y;5
526;Brand1;STO_526_Peumo;1152229023;1500;2010-07-11;;Y;5
527;Brand4;STO_527_Concón;1152523682;3000;2011-06-19;;Y;8
528;Brand1;STO_528_Quellón;1152502358;1000;2018-05-06;;Y;4
529;Brand1;STO_529_Chillán;1152082093;4000;2010-11-04;;Y;12
530;Brand1;STO_530_Lago Ranco;1152909758;1000;2014-10-06;;Y;4
531;Brand4;STO_531_Pelluhue;1152002138;1500;2018-08-27;;Y;5
532;Brand2;STO_532_Chillán;1152082093;1000;2010-09-26;;Y;4
533;Brand4;STO_533_Arica;1152531089;1500;2012-07-23;;Y;5
534;Brand2;STO_534_Caldera;1152916235;4000;2011-07-22;;Y;12
535;Brand3;STO_535_Talca;1152736946;4000;2019-09-20;;Y;12
536;Brand3;STO_536_Cochrane;1152054657;1000;2014-07-09;;Y;4
537;Brand1;STO_537_Peumo;1152229023;3000;2012-07-30;;Y;8
538;Brand2;STO_538_La Reina;1152154801;4000;2018-06-20;;Y;12
539;Brand3;STO_539_Pelluhue;1152002138;1000;2016-07-09;;Y;4
540;Brand1;STO_540_Quirihue;1152146130;1000;2010-01-24;;Y;4
541;Brand4;STO_541_Buin;1152114001;1000;2012-03-18;;Y;4
542;Brand2;STO_542_Tocopilla;1152050254;1500;2013-01-09;;Y;5
543;Brand1;STO_543_Quinchao;1152119483;3000;2015-08-29;;Y;8
544;Brand3;STO_544_Buin;1152114001;4000;2014-10-13;;Y;12
545;Brand3;STO_545_Fresia;1152963859;1000;2011-11-13;;Y;4
546;Brand3;STO_546_Valdivia;1152201132;4000;2010-01-13;;Y;12
547;Brand3;STO_547_Pinto;1152171336;3000;2015-08-26;;Y;8
548;Brand1;STO_548_Hanga Roa;1152267672;4000;2013-02-07;;Y;12
549;Brand2;STO_549_Contulmo;1152709384;1500;2016-08-28;;Y;5
550;Brand3;STO_550_Tocopilla;1152050254;4000;2017-03-04;;Y;12
551;Brand4;STO_551_Yungay;1152990591;4000;2011-04-23;;Y;12
552;Brand1;STO_552_Toltén;1152450943;1000;2010-03-22;;Y;4
553;Brand1;STO_553_Illapel;1152446656;3000;2012-01-23;;Y;8
554;Brand3;STO_554_Punitaqui;1152111575;1500;2014-05-30;;Y;5
555;Brand4;STO_555_San José de Maipo;1152128380;3000;2012-08-24;;Y;8
556;Brand4;STO_556_Puente Alto;1152516346;4000;2017-04-13;;Y;12
557;Brand1;STO_557_Caldera;1152916235;1000;2013-02-24;;Y;4
558;Brand4;STO_558_Yungay;1152990591;3000;2017-05-03;;Y;8
559;Brand3;STO_559_San Francisco de Mostazal;1152382411;1500;2011-04-17;;Y;5
560;Brand2;STO_560_El Palqui;1152942704;3000;2012-02-21;;Y;8
561;Brand4;STO_561_Linares;1152783281;3000;2013-12-20;;Y;8
562;Brand4;STO_562_Copiapó;1152406965;4000;2018-02-04;;Y;12
563;Brand3;STO_563_Talcahuano;1152023044;3000;2010-01-15;;Y;8
564;Brand2;STO_564_Toltén;1152450943;3000;2013-05-17;;Y;8
565;Brand4;STO_565_Quintero;1152270732;1500;2013-04-19;;Y;5
566;Brand2;STO_566_Vicuña;1152771899;1500;2011-10-10;;Y;5
567;Brand4;STO_567_Linares;1152783281;4000;2016-10-21;;Y;12
568;Brand4;STO_568_Lampa;1152360918;1500;2018-07-02;;Y;5
569;Brand3;STO_569_Alto del Carmen;1152641971;1000;2012-12-29;;Y;4
570;Brand2;STO_570_Lago Ranco;1152909758;3000;2018-11-14;;Y;8
571;Brand3;STO_571_Puerto Octay;1152604525;1500;2012-06-23;;Y;5
572;Brand3;STO_572_Peumo;1152229023;1500;2011-10-07;;Y;5
573;Brand1;STO_573_Parral;1152767087;3000;2018-07-02;;Y;8
574;Brand1;STO_574_Villarrica;1152280288;4000;2018-10-06;;Y;12
575;Brand3;STO_575_Ancud;1152760614;4000;2018-10-26;;Y;12
576;Brand1;STO_576_Cochrane;1152054657;4000;2018-07-12;;Y;12
577;Brand3;STO_577_Curanilahue;1152226096;3000;2013-05-23;;Y;8
578;Brand2;STO_578_La Reina;1152154801;1500;2012-10-13;;Y;5
579;Brand4;STO_579_Lebu;1152064207;1000;2014-01-08;;Y;4
580;Brand1;STO_580_Pelluhue;1152002138;3000;2018-08-18;;Y;8
581;Brand4;STO_581_Ancud;1152760614;1000;2013-06-11;;Y;4
582;Brand1;STO_582_Ancud;1152760614;4000;2017-05-16;;Y;12
583;Brand3;STO_583_Río Bueno;1152938619;4000;2015-02-04;;Y;12
584;Brand3;STO_584_Punitaqui;1152111575;3000;2018-04-27;;Y;8
585;Brand4;STO_585_Curicó;1152564798;3000;2012-10-28;;Y;8
586;Brand3;STO_586_Nueva Imperial;1152277064;3000;2016-12-09;;Y;8
587;Brand2;STO_587_Collipulli;1152908869;4000;2016-09-25;;Y;12
588;Brand4;STO_588_Lago Ranco;1152909758;4000;2013-10-23;;Y;12
589;Brand4;STO_589_Penco;1152993969;1000;2010-03-20;;Y;4
590;Brand2;STO_590_Cartagena;1152675574;3000;2011-07-04;;Y;8
591;Brand2;STO_591_San Antonio;1152830501;1500;2010-12-10;;Y;5
592;Brand3;STO_592_Mejillones;1152559509;3000;2018-01-19;;Y;8
593;Brand1;STO_593_San Fernando;1152802349;4000;2014-05-27;;Y;12
594;Brand2;STO_594_Quirihue;1152146130;4000;2015-11-09;;Y;12
595;Brand3;STO_595_Oficina María Elena;1152876089;4000;2010-11-09;;Y;12
596;Brand3;STO_596_Cochrane;1152054657;1500;2016-05-16;;Y;5
597;Brand2;STO_597_Cochrane;1152054657;1500;2010-05-12;;Y;5
598;Brand3;STO_598_Tierra Amarilla;1152576362;4000;2010-12-10;;Y;12
599;Brand2;STO_599_Calbuco;1152875669;1500;2015-03-08;;Y;5
600;Brand3;STO_600_Chépica;1152611232;1000;2010-07-07;;Y;4
601;Brand1;STO_601_Hualqui;1152533945;4000;2019-01-08;;Y;12
602;Brand3;STO_602_Santa Bárbara;1152827647;1000;2019-02-12;;Y;4
603;Brand4;STO_603_Iquique;1152234625;3000;2012-01-17;;Y;8
604;Brand2;STO_604_Punta Arenas;1152262933;1000;2017-06-19;;Y;4
605;Brand3;STO_605_San José de Maipo;1152128380;3000;2011-08-24;;Y;8
606;Brand2;STO_606_Quellón;1152502358;1000;2013-12-13;;Y;4
607;Brand4;STO_607_San Antonio;1152830501;1500;2015-08-19;;Y;5
608;Brand1;STO_608_Castro;1152445107;1000;2011-03-13;;Y;4
609;Brand3;STO_609_Coyhaique;1152541137;3000;2014-10-03;;Y;8
610;Brand1;STO_610_Coyhaique;1152541137;3000;2014-01-28;;Y;8
611;Brand1;STO_611_Lonquimay;1152602801;1000;2016-08-15;;Y;4
612;Brand4;STO_612_Quellón;1152502358;3000;2013-12-19;;Y;8
613;Brand4;STO_613_Galvarino;1152385949;1000;2017-02-24;;Y;4
614;Brand2;STO_614_Villarrica;1152280288;1500;2011-09-19;;Y;5
615;Brand3;STO_615_Pucón;1152377330;1500;2019-08-14;;Y;5
616;Brand2;STO_616_Los Lagos;1152340454;1500;2013-08-04;;Y;5
617;Brand2;STO_617_Cauquenes;1152787999;3000;2014-05-01;;Y;8
618;Brand3;STO_618_Puente Alto;1152516346;4000;2019-10-14;;Y;12
619;Brand3;STO_619_Osorno;1152866014;1500;2019-01-22;;Y;5
620;Brand2;STO_620_Purén;1152043737;1000;2016-04-14;;Y;4
621;Brand1;STO_621_Antofagasta;1152734289;4000;2019-06-25;;Y;12
622;Brand3;STO_622_Frutillar;1152151773;4000;2019-10-06;;Y;12
623;Brand1;STO_623_Temuco;1152318955;1000;2018-12-26;;Y;4
624;Brand3;STO_624_La Calera;1152388166;1500;2019-11-23;;Y;5
625;Brand4;STO_625_Puchuncaví;1152345768;3000;2013-08-19;;Y;8
626;Brand3;STO_626_Coronel;1152234834;1500;2016-03-29;;Y;5
627;Brand2;STO_627_Cañete;1152180527;1000;2015-08-01;;Y;4
628;Brand4;STO_628_Copiapó;1152406965;1000;2018-10-06;;Y;4
629;Brand2;STO_629_Parral;1152767087;3000;2014-09-15;;Y;8
630;Brand2;STO_630_Lota;1152978276;1500;2015-10-04;;Y;5
631;Brand4;STO_631_Constitución;1152065066;4000;2019-06-12;;Y;12
632;Brand4;STO_632_Huasco;1152643675;1500;2015-03-10;;Y;5
633;Brand2;STO_633_Bulnes;1152653950;3000;2011-09-28;;Y;8
634;Brand2;STO_634_San Clemente;1152025924;3000;2012-04-08;;Y;8
635;Brand3;STO_635_Las Condes;1152858037;1500;2016-09-14;;Y;5
636;Brand4;STO_636_Rancagua;1152672356;4000;2010-07-03;;Y;12
637;Brand1;STO_637_Galvarino;1152385949;1000;2017-09-25;;Y;4
638;Brand1;STO_638_La Cruz;1152948474;1500;2013-09-26;;Y;5
639;Brand1;STO_639_Fresia;1152963859;1000;2012-08-18;;Y;4
640;Brand4;STO_640_Vallenar;1152000009;1500;2011-04-03;;Y;5
641;Brand4;STO_641_Las Cabras;1152883984;1000;2017-07-08;;Y;4
642;Brand2;STO_642_Monte Águila;1152417424;4000;2019-08-29;;Y;12
643;Brand1;STO_643_Puente Alto;1152516346;3000;2019-06-17;;Y;8
644;Brand2;STO_644_Puerto Aysén;1152158570;1000;2017-09-03;;Y;4
645;Brand3;STO_645_Cauquenes;1152787999;3000;2019-04-28;;Y;8
646;Brand3;STO_646_Tomé;1152166653;3000;2019-09-30;;Y;8
647;Brand3;STO_647_Arauco;1152468620;1000;2016-08-15;;Y;4
648;Brand4;STO_648_San Pedro;1152749736;4000;2016-08-04;;Y;12
649;Brand1;STO_649_Chiguayante;1152693546;4000;2019-04-03;;Y;12
650;Brand4;STO_650_Fresia;1152963859;1500;2010-11-17;;Y;5
651;Brand3;STO_651_La Granja;1152785745;3000;2019-10-30;;Y;8
652;Brand4;STO_652_Casablanca;1152471983;1500;2010-12-10;;Y;5
653;Brand1;STO_653_Vallenar;1152000009;1000;2018-11-03;;Y;4
654;Brand1;STO_654_La Florida;1152939649;4000;2011-02-08;;Y;12
655;Brand2;STO_655_Linares;1152783281;1000;2012-02-26;;Y;4
656;Brand1;STO_656_Purranque;1152468662;4000;2012-04-29;;Y;12
657;Brand1;STO_657_Taltal;1152265576;3000;2015-03-08;;Y;8
658;Brand3;STO_658_Melipilla;1152483678;1500;2018-05-19;;Y;5
659;Brand4;STO_659_Talagante;1152696612;1000;2018-10-16;;Y;4
660;Brand4;STO_660_Castro;1152445107;4000;2017-10-31;;Y;12
661;Brand2;STO_661_Ancud;1152760614;3000;2014-06-23;;Y;8
662;Brand3;STO_662_Iquique;1152234625;4000;2012-11-07;;Y;12
663;Brand1;STO_663_Las Cabras;1152883984;3000;2012-05-08;;Y;8
664;Brand2;STO_664_Quirihue;1152146130;3000;2013-04-30;;Y;8
665;Brand2;STO_665_Constitución;1152065066;4000;2012-12-31;;Y;12
666;Brand4;STO_666_La Cruz;1152948474;1500;2011-11-04;;Y;5
667;Brand3;STO_667_Loncoche;1152864736;3000;2014-06-17;;Y;8
668;Brand1;STO_668_Pelluhue;1152002138;4000;2018-05-02;;Y;12
669;Brand4;STO_669_Chépica;1152611232;1500;2011-11-22;;Y;5
670;Brand1;STO_670_San Pedro;1152749736;1500;2013-05-02;;Y;5
671;Brand1;STO_671_Laraquete;1152199352;3000;2017-03-29;;Y;8
672;Brand1;STO_672_Copiapó;1152406965;3000;2013-06-01;;Y;8
673;Brand2;STO_673_La Punta;1152001353;1500;2017-02-14;;Y;5
674;Brand1;STO_674_San Clemente;1152025924;3000;2016-10-15;;Y;8
675;Brand1;STO_675_Cañete;1152180527;3000;2011-03-21;;Y;8
676;Brand2;STO_676_Salamanca;1152804087;3000;2015-09-22;;Y;8
677;Brand4;STO_677_Concepción;1152838958;4000;2010-09-27;;Y;12
678;Brand1;STO_678_Galvarino;1152385949;1500;2015-05-05;;Y;5
679;Brand3;STO_679_Villarrica;1152280288;1500;2015-01-15;;Y;5
680;Brand1;STO_680_La Punta;1152001353;4000;2016-03-23;;Y;12
681;Brand4;STO_681_Cartagena;1152675574;1500;2015-08-05;;Y;5
682;Brand4;STO_682_Quinchao;1152119483;4000;2016-04-28;;Y;12
683;Brand2;STO_683_Santa Bárbara;1152827647;1500;2010-09-27;;Y;5
684;Brand2;STO_684_Maipú;1152583016;3000;2016-01-24;;Y;8
685;Brand1;STO_685_Punta Arenas;1152262933;3000;2017-03-11;;Y;8
686;Brand2;STO_686_Puchuncaví;1152345768;4000;2013-07-03;;Y;12
687;Brand1;STO_687_Casablanca;1152471983;1500;2015-11-18;;Y;5
688;Brand2;STO_688_Galvarino;1152385949;4000;2015-08-19;;Y;12
689;Brand1;STO_689_San José de Maipo;1152128380;1000;2016-07-17;;Y;4
690;Brand2;STO_690_Valparaíso;1152337970;4000;2014-12-04;;Y;12
691;Brand3;STO_691_Puerto Williams;1152455279;1500;2014-06-09;;Y;5
692;Brand1;STO_692_Puerto Montt;1152443957;4000;2014-08-21;;Y;12
693;Brand3;STO_693_San Clemente;1152025924;1000;2012-04-18;;Y;4
694;Brand3;STO_694_Palmilla;1152157193;4000;2014-09-07;;Y;12
695;Brand1;STO_695_Punta Arenas;1152262933;4000;2017-09-19;;Y;12
696;Brand4;STO_696_San Clemente;1152025924;3000;2012-05-19;;Y;8
697;Brand1;STO_697_La Reina;1152154801;1000;2015-01-12;;Y;4
698;Brand4;STO_698_Oficina María Elena;1152876089;3000;2013-06-20;;Y;8
699;Brand1;STO_699_Cochrane;1152054657;3000;2011-03-03;;Y;8
700;Brand4;STO_700_Alto Hospicio;1152536354;1500;2017-10-18;;Y;5
701;Brand2;STO_701_Colina;1152944896;1000;2019-12-10;;Y;4
702;Brand4;STO_702_Collipulli;1152908869;1500;2019-02-07;;Y;5
703;Brand3;STO_703_Talagante;1152696612;3000;2014-04-10;;Y;8
704;Brand2;STO_704_Alto Hospicio;1152536354;3000;2010-02-22;;Y;8
705;Brand4;STO_705_Contulmo;1152709384;4000;2017-10-01;;Y;12
706;Brand2;STO_706_Peumo;1152229023;1500;2010-10-27;;Y;5
707;Brand4;STO_707_Huasco;1152643675;1500;2014-10-09;;Y;5
708;Brand1;STO_708_Puerto Octay;1152604525;1500;2016-07-28;;Y;5
709;Brand3;STO_709_Nueva Imperial;1152277064;1500;2014-11-04;;Y;5
710;Brand2;STO_710_Puerto Octay;1152604525;3000;2017-10-26;;Y;8
711;Brand3;STO_711_Salamanca;1152804087;3000;2013-07-20;;Y;8
712;Brand2;STO_712_La Punta;1152001353;1000;2016-05-08;;Y;4
713;Brand2;STO_713_Lanco;1152703909;4000;2015-12-21;;Y;12
714;Brand4;STO_714_Futrono;1152738108;1500;2017-07-12;;Y;5
715;Brand3;STO_715_Carahue;1152919462;4000;2010-01-02;;Y;12
716;Brand2;STO_716_Calbuco;1152875669;3000;2016-12-28;;Y;8
717;Brand2;STO_717_Punitaqui;1152111575;1500;2017-07-04;;Y;5
718;Brand2;STO_718_Puerto Natales;1152225106;1500;2010-11-05;;Y;5
719;Brand3;STO_719_Pelluhue;1152002138;1000;2013-06-24;;Y;4
720;Brand4;STO_720_Chépica;1152611232;1500;2015-09-21;;Y;5
721;Brand2;STO_721_Los Andes;1152833598;1000;2013-11-12;;Y;4
722;Brand1;STO_722_Illapel;1152446656;4000;2013-02-18;;Y;12
723;Brand1;STO_723_Bulnes;1152653950;3000;2010-11-22;;Y;8
724;Brand2;STO_724_Chiguayante;1152693546;4000;2016-04-01;;Y;12
725;Brand2;STO_725_La Serena;1152155065;3000;2016-05-15;;Y;8
726;Brand4;STO_726_Villa Alemana;1152839066;4000;2018-08-23;;Y;12
727;Brand4;STO_727_Cabildo;1152995057;3000;2012-06-20;;Y;8
728;Brand3;STO_728_Chicureo Abajo;1152232267;1500;2013-05-03;;Y;5
729;Brand4;STO_729_Santa Bárbara;1152827647;3000;2012-01-29;;Y;8
730;Brand2;STO_730_Chillán;1152082093;3000;2013-05-22;;Y;8
731;Brand3;STO_731_Lonquimay;1152602801;1000;2019-07-30;;Y;4
732;Brand3;STO_732_Penco;1152993969;4000;2014-06-23;;Y;12
733;Brand2;STO_733_Chillán;1152082093;1500;2014-09-21;;Y;5
734;Brand4;STO_734_La Cruz;1152948474;1000;2013-04-12;;Y;4
735;Brand4;STO_735_San Fernando;1152802349;4000;2011-01-07;;Y;12
736;Brand1;STO_736_Quillota;1152185579;1000;2017-05-31;;Y;4
737;Brand3;STO_737_Ventanas;1152227207;3000;2019-07-23;;Y;8
738;Brand4;STO_738_Hijuelas;1152290187;1500;2016-07-25;;Y;5
739;Brand3;STO_739_Pucón;1152377330;4000;2014-02-10;;Y;12
740;Brand3;STO_740_Yungay;1152990591;1000;2011-05-26;;Y;4
741;Brand2;STO_741_Valparaíso;1152337970;3000;2012-11-28;;Y;8
742;Brand2;STO_742_Palmilla;1152157193;1500;2017-12-12;;Y;5
743;Brand4;STO_743_La Cruz;1152948474;1500;2016-10-19;;Y;5
744;Brand1;STO_744_Linares;1152783281;1500;2019-08-24;;Y;5
745;Brand1;STO_745_Quirihue;1152146130;1000;2015-01-08;;Y;4
746;Brand3;STO_746_Puerto Natales;1152225106;1000;2014-12-06;;Y;4
747;Brand3;STO_747_Cochrane;1152054657;3000;2013-03-10;;Y;8
748;Brand1;STO_748_Bulnes;1152653950;1000;2012-12-01;;Y;4
749;Brand1;STO_749_La Serena;1152155065;1500;2011-06-02;;Y;5
750;Brand3;STO_750_Linares;1152783281;3000;2015-05-15;;Y;8
751;Brand2;STO_751_San Pedro de Atacama;1152557633;1500;2017-09-15;;Y;5
752;Brand1;STO_752_Santa Bárbara;1152827647;1500;2012-06-29;;Y;5
753;Brand4;STO_753_San Clemente;1152025924;3000;2013-11-15;;Y;8
754;Brand1;STO_754_Alto del Carmen;1152641971;3000;2015-03-09;;Y;8
755;Brand3;STO_755_Panguipulli;1152158717;1500;2014-06-21;;Y;5
756;Brand4;STO_756_Villa Alemana;1152839066;1000;2018-02-17;;Y;4
757;Brand3;STO_757_Chiguayante;1152693546;1500;2017-11-29;;Y;5
758;Brand3;STO_758_La Granja;1152785745;1000;2010-06-28;;Y;4
759;Brand1;STO_759_Frutillar;1152151773;3000;2015-10-20;;Y;8
760;Brand2;STO_760_Coronel;1152234834;1000;2019-10-10;;Y;4
761;Brand2;STO_761_Concón;1152523682;1000;2010-07-02;;Y;4
762;Brand3;STO_762_Curicó;1152564798;1500;2016-02-07;;Y;5
763;Brand3;STO_763_Santiago;1152554349;1500;2011-04-23;;Y;5
764;Brand4;STO_764_Los Andes;1152833598;3000;2013-03-10;;Y;8
765;Brand3;STO_765_María Pinto;1152556156;1500;2016-01-25;;Y;5
766;Brand1;STO_766_Andacollo;1152597504;4000;2014-07-13;;Y;12
767;Brand2;STO_767_Buin;1152114001;4000;2014-04-10;;Y;12
768;Brand3;STO_768_Fresia;1152963859;1000;2013-09-17;;Y;4
769;Brand4;STO_769_San Fernando;1152802349;4000;2017-08-13;;Y;12
770;Brand1;STO_770_Villa Alemana;1152839066;1500;2013-09-09;;Y;5
771;Brand4;STO_771_Punitaqui;1152111575;1000;2018-07-18;;Y;4
772;Brand4;STO_772_Huasco;1152643675;1500;2014-04-27;;Y;5
773;Brand1;STO_773_San Felipe;1152329463;1500;2012-09-07;;Y;5
774;Brand4;STO_774_Diego de Almagro;1152585849;1000;2011-10-04;;Y;4
775;Brand2;STO_775_Vicuña;1152771899;1000;2013-12-31;;Y;4
776;Brand4;STO_776_Talagante;1152696612;4000;2013-05-25;;Y;12
777;Brand3;STO_777_Andacollo;1152597504;3000;2012-04-14;;Y;8
778;Brand1;STO_778_Tocopilla;1152050254;3000;2014-10-14;;Y;8
779;Brand4;STO_779_Collipulli;1152908869;3000;2015-07-08;;Y;8
780;Brand4;STO_780_Ancud;1152760614;4000;2011-04-15;;Y;12
781;Brand4;STO_781_Chañaral;1152993625;4000;2018-05-25;;Y;12
782;Brand4;STO_782_Chillán;1152082093;4000;2015-10-12;;Y;12
783;Brand1;STO_783_Porvenir;1152790211;4000;2018-01-21;;Y;12
784;Brand1;STO_784_Loncoche;1152864736;3000;2010-10-23;;Y;8
785;Brand1;STO_785_Linares;1152783281;4000;2015-12-19;;Y;12
786;Brand1;STO_786_Las Cabras;1152883984;1500;2015-11-26;;Y;5
787;Brand4;STO_787_Concón;1152523682;1000;2012-09-24;;Y;4
788;Brand1;STO_788_María Pinto;1152556156;1500;2012-10-05;;Y;5
789;Brand2;STO_789_Taltal;1152265576;1500;2018-10-10;;Y;5
790;Brand3;STO_790_Puerto Aysén;1152158570;4000;2015-06-18;;Y;12
791;Brand4;STO_791_Punta Arenas;1152262933;1500;2014-01-27;;Y;5
792;Brand2;STO_792_Lago Ranco;1152909758;1500;2013-03-16;;Y;5
793;Brand2;STO_793_Chicureo Abajo;1152232267;1000;2019-02-06;;Y;4
794;Brand3;STO_794_San Javier;1152644283;3000;2015-11-20;;Y;8
795;Brand2;STO_795_Cañete;1152180527;1500;2011-02-18;;Y;5
796;Brand4;STO_796_Papudo;1152436976;1000;2010-12-18;;Y;4
797;Brand2;STO_797_El Tabo;1152719676;1000;2011-08-12;;Y;4
798;Brand2;STO_798_Loncoche;1152864736;4000;2017-06-03;;Y;12
799;Brand3;STO_799_San Antonio;1152830501;1000;2018-10-15;;Y;4
800;Brand2;STO_800_Puchuncaví;1152345768;4000;2014-01-20;;Y;12
801;Brand4;STO_801_Alto del Carmen;1152641971;1500;2012-05-01;;Y;5
802;Brand4;STO_802_Calama;1152168074;1000;2011-04-22;;Y;4
803;Brand3;STO_803_Calama;1152168074;4000;2018-06-07;;Y;12
804;Brand2;STO_804_Los Lagos;1152340454;3000;2017-07-11;;Y;8
805;Brand2;STO_805_Valdivia;1152201132;4000;2018-03-01;;Y;12
806;Brand4;STO_806_Puerto Aysén;1152158570;3000;2018-08-29;;Y;8
807;Brand1;STO_807_Hijuelas;1152290187;1500;2012-11-20;;Y;5
808;Brand1;STO_808_Puerto Natales;1152225106;1000;2018-07-17;;Y;4
809;Brand3;STO_809_Taltal;1152265576;4000;2011-01-31;;Y;12
810;Brand4;STO_810_Cauquenes;1152787999;3000;2012-02-01;;Y;8
811;Brand3;STO_811_Chonchi;1152428145;1000;2014-08-31;;Y;4
812;Brand4;STO_812_Contulmo;1152709384;4000;2012-09-17;;Y;12
813;Brand4;STO_813_Punta Arenas;1152262933;3000;2014-07-06;;Y;8
814;Brand2;STO_814_Palmilla;1152157193;4000;2010-08-17;;Y;12
815;Brand1;STO_815_La Calera;1152388166;3000;2012-04-21;;Y;8
816;Brand2;STO_816_Contulmo;1152709384;4000;2016-02-05;;Y;12
817;Brand4;STO_817_Punta Arenas;1152262933;3000;2012-08-21;;Y;8
818;Brand2;STO_818_San Francisco de Mostazal;1152382411;3000;2017-07-17;;Y;8
819;Brand4;STO_819_Valdivia;1152201132;4000;2010-01-24;;Y;12
820;Brand4;STO_820_La Ligua;1152826056;1500;2011-08-11;;Y;5
821;Brand3;STO_821_San Pedro;1152749736;3000;2013-09-01;;Y;8
822;Brand1;STO_822_San Fernando;1152802349;1000;2016-03-15;;Y;4
823;Brand1;STO_823_Nueva Imperial;1152277064;4000;2017-01-21;;Y;12
824;Brand4;STO_824_Cauquenes;1152787999;4000;2010-09-26;;Y;12
825;Brand3;STO_825_Purranque;1152468662;1000;2014-11-28;;Y;4
826;Brand3;STO_826_La Punta;1152001353;3000;2012-02-22;;Y;8
827;Brand4;STO_827_Placilla de Peñuelas;1152562274;3000;2010-04-01;;Y;8
828;Brand2;STO_828_Curicó;1152564798;1500;2013-01-05;;Y;5
829;Brand2;STO_829_Caldera;1152916235;3000;2010-11-19;;Y;8
830;Brand2;STO_830_Laraquete;1152199352;3000;2012-06-21;;Y;8
831;Brand2;STO_831_Talcahuano;1152023044;1000;2011-07-14;;Y;4
832;Brand3;STO_832_San Bernardo;1152050361;1000;2010-05-16;;Y;4
833;Brand4;STO_833_Curicó;1152564798;1500;2010-03-05;;Y;5
834;Brand4;STO_834_Vallenar;1152000009;1500;2014-06-22;;Y;5
835;Brand1;STO_835_Alto del Carmen;1152641971;1500;2011-04-06;;Y;5
836;Brand3;STO_836_Los Ángeles;1152810305;3000;2015-12-11;;Y;8
837;Brand1;STO_837_Contulmo;1152709384;3000;2015-02-04;;Y;8
838;Brand3;STO_838_Linares;1152783281;1500;2014-05-29;;Y;5
839;Brand4;STO_839_Quinchao;1152119483;1000;2015-01-21;;Y;4
840;Brand2;STO_840_Valdivia;1152201132;1000;2012-07-31;;Y;4
841;Brand1;STO_841_La Punta;1152001353;1000;2019-11-21;;Y;4
842;Brand1;STO_842_Lo Miranda;1152468313;1000;2013-03-30;;Y;4
843;Brand4;STO_843_Puerto Octay;1152604525;1000;2019-05-20;;Y;4
844;Brand4;STO_844_Coquimbo;1152038253;3000;2011-10-26;;Y;8
845;Brand3;STO_845_Cartagena;1152675574;1000;2015-08-02;;Y;4
846;Brand1;STO_846_La Punta;1152001353;1000;2016-05-31;;Y;4
847;Brand4;STO_847_La Reina;1152154801;4000;2016-02-27;;Y;12
848;Brand3;STO_848_Puerto Natales;1152225106;1000;2019-01-30;;Y;4
849;Brand4;STO_849_Ventanas;1152227207;1500;2015-09-14;;Y;5
850;Brand2;STO_850_Isla de Maipo;1152656260;1500;2013-08-26;;Y;5
851;Brand3;STO_851_Pelluhue;1152002138;1500;2012-04-25;;Y;5
852;Brand4;STO_852_Illapel;1152446656;1000;2018-09-29;;Y;4
853;Brand1;STO_853_Curacautín;1152761176;1000;2019-07-27;;Y;4
854;Brand4;STO_854_Río Bueno;1152938619;1000;2012-05-20;;Y;4
855;Brand3;STO_855_La Serena;1152155065;3000;2018-03-22;;Y;8
856;Brand1;STO_856_La Unión;1152649834;1000;2019-03-22;;Y;4
857;Brand4;STO_857_Calama;1152168074;4000;2010-09-28;;Y;12
858;Brand4;STO_858_Chillán Viejo;1152645198;3000;2016-02-03;;Y;8
859;Brand4;STO_859_San Francisco de Mostazal;1152382411;1000;2019-05-02;;Y;4
860;Brand1;STO_860_Parral;1152767087;1500;2016-03-15;;Y;5
861;Brand3;STO_861_Curarrehue;1152633898;1000;2011-03-10;;Y;4
862;Brand4;STO_862_San José de Maipo;1152128380;4000;2015-12-17;;Y;12
863;Brand1;STO_863_Loncoche;1152864736;1500;2014-11-09;;Y;5
864;Brand3;STO_864_Panguipulli;1152158717;4000;2018-11-13;;Y;12
865;Brand2;STO_865_Peumo;1152229023;1000;2013-01-20;;Y;4
866;Brand2;STO_866_La Unión;1152649834;3000;2014-09-06;;Y;8
867;Brand2;STO_867_Talagante;1152696612;1500;2010-01-01;;Y;5
868;Brand4;STO_868_Futrono;1152738108;4000;2010-02-13;;Y;12
869;Brand4;STO_869_Castro;1152445107;1000;2015-12-15;;Y;4
870;Brand2;STO_870_Alto Hospicio;1152536354;1500;2013-03-29;;Y;5
871;Brand2;STO_871_Pinto;1152171336;1500;2017-03-11;;Y;5
872;Brand4;STO_872_Alto Hospicio;1152536354;3000;2010-08-24;;Y;8
873;Brand1;STO_873_Arauco;1152468620;1500;2013-10-21;;Y;5
874;Brand4;STO_874_Concepción;1152838958;3000;2015-12-16;;Y;8
875;Brand4;STO_875_La Unión;1152649834;1500;2012-02-16;;Y;5
876;Brand3;STO_876_Los Andes;1152833598;4000;2018-09-17;;Y;12
877;Brand1;STO_877_Pichilemu;1152498637;4000;2010-11-29;;Y;12
878;Brand4;STO_878_El Tabo;1152719676;3000;2016-03-25;;Y;8
879;Brand2;STO_879_Dalcahue;1152458056;4000;2015-08-27;;Y;12
880;Brand1;STO_880_Arauco;1152468620;1000;2015-03-12;;Y;4
881;Brand3;STO_881_Antofagasta;1152734289;3000;2010-12-13;;Y;8
882;Brand2;STO_882_Osorno;1152866014;3000;2018-11-12;;Y;8
883;Brand3;STO_883_Collipulli;1152908869;4000;2012-01-07;;Y;12
884;Brand3;STO_884_Chillán Viejo;1152645198;4000;2012-06-22;;Y;12
885;Brand2;STO_885_Coquimbo;1152038253;1500;2015-04-18;;Y;5
886;Brand4;STO_886_Concepción;1152838958;1000;2018-10-11;;Y;4
887;Brand1;STO_887_Contulmo;1152709384;3000;2014-02-02;;Y;8
888;Brand1;STO_888_San Joaquín;1152095800;1500;2018-03-25;;Y;5
889;Brand1;STO_889_Las Cabras;1152883984;3000;2010-12-04;;Y;8
890;Brand3;STO_890_San Joaquín;1152095800;4000;2011-07-01;;Y;12
891;Brand4;STO_891_Peñaflor;1152857586;3000;2011-08-10;;Y;8
892;Brand3;STO_892_Tocopilla;1152050254;3000;2013-12-14;;Y;8
893;Brand1;STO_893_Calbuco;1152875669;4000;2014-06-14;;Y;12
894;Brand4;STO_894_La Reina;1152154801;3000;2018-08-21;;Y;8
895;Brand1;STO_895_Calama;1152168074;4000;2015-12-23;;Y;12
896;Brand3;STO_896_San Francisco de Mostazal;1152382411;1500;2015-08-22;;Y;5
897;Brand4;STO_897_Las Cabras;1152883984;1000;2013-11-19;;Y;4
898;Brand1;STO_898_Chillán Viejo;1152645198;3000;2019-01-21;;Y;8
899;Brand2;STO_899_Quilpué;1152063222;3000;2017-09-30;;Y;8
900;Brand1;STO_900_Los Ángeles;1152810305;3000;2016-01-22;;Y;8
901;Brand4;STO_901_San Felipe;1152329463;3000;2016-05-19;;Y;8
902;Brand3;STO_902_Puerto Natales;1152225106;3000;2019-02-13;;Y;8
903;Brand2;STO_903_Cartagena;1152675574;1500;2010-03-04;;Y;5
904;Brand4;STO_904_Parral;1152767087;4000;2011-04-22;;Y;12
905;Brand1;STO_905_Chépica;1152611232;4000;2016-10-14;;Y;12
906;Brand1;STO_906_Valdivia;1152201132;4000;2018-01-23;;Y;12
907;Brand2;STO_907_Pelluhue;1152002138;3000;2018-02-24;;Y;8
908;Brand2;STO_908_Los Vilos;1152593219;4000;2019-04-07;;Y;12
909;Brand2;STO_909_Santa Bárbara;1152827647;3000;2011-11-09;;Y;8
910;Brand2;STO_910_Puchuncaví;1152345768;3000;2010-11-03;;Y;8
911;Brand4;STO_911_Nueva Imperial;1152277064;1500;2015-05-13;;Y;5
912;Brand1;STO_912_Punta Arenas;1152262933;3000;2013-08-02;;Y;8
913;Brand3;STO_913_Puerto Octay;1152604525;3000;2015-08-13;;Y;8
914;Brand1;STO_914_Puerto Williams;1152455279;4000;2013-02-21;;Y;12
915;Brand2;STO_915_Hanga Roa;1152267672;1500;2012-10-07;;Y;5
916;Brand4;STO_916_Calbuco;1152875669;1000;2019-07-06;;Y;4
917;Brand4;STO_917_Cartagena;1152675574;3000;2012-12-03;;Y;8
918;Brand4;STO_918_Combarbalá;1152896722;1500;2017-06-15;;Y;5
919;Brand2;STO_919_Puerto Varas;1152560692;3000;2016-01-16;;Y;8
920;Brand2;STO_920_Espejo;1152487376;3000;2016-12-13;;Y;8
921;Brand2;STO_921_Ancud;1152760614;4000;2014-03-13;;Y;12
922;Brand2;STO_922_Casablanca;1152471983;4000;2016-07-11;;Y;12
923;Brand1;STO_923_Quellón;1152502358;1500;2015-06-12;;Y;5
924;Brand1;STO_924_Lonquimay;1152602801;1500;2018-03-08;;Y;5
925;Brand3;STO_925_Iquique;1152234625;3000;2017-09-28;;Y;8
926;Brand1;STO_926_San Pedro de Atacama;1152557633;4000;2012-02-24;;Y;12
927;Brand4;STO_927_Buin;1152114001;3000;2019-03-01;;Y;8
928;Brand4;STO_928_Maipú;1152583016;1500;2018-06-26;;Y;5
929;Brand1;STO_929_Salamanca;1152804087;1500;2016-10-13;;Y;5
930;Brand1;STO_930_Curanilahue;1152226096;4000;2019-02-18;;Y;12
931;Brand3;STO_931_Concepción;1152838958;1000;2012-07-07;;Y;4
932;Brand1;STO_932_Illapel;1152446656;4000;2019-03-27;;Y;12
933;Brand2;STO_933_La Serena;1152155065;4000;2010-06-15;;Y;12
934;Brand4;STO_934_Puchuncaví;1152345768;1500;2011-07-23;;Y;5
935;Brand1;STO_935_Puerto Williams;1152455279;1000;2010-02-24;;Y;4
936;Brand4;STO_936_Yungay;1152990591;4000;2018-05-22;;Y;12
937;Brand4;STO_937_Laraquete;1152199352;3000;2014-10-29;;Y;8
938;Brand1;STO_938_Diego de Almagro;1152585849;1500;2015-07-05;;Y;5
939;Brand2;STO_939_San Felipe;1152329463;1500;2015-06-06;;Y;5
940;Brand3;STO_940_San José de Maipo;1152128380;1000;2012-07-24;;Y;4
941;Brand4;STO_941_La Ligua;1152826056;4000;2010-06-10;;Y;12
942;Brand4;STO_942_Purén;1152043737;1000;2014-07-31;;Y;4
943;Brand2;STO_943_San Pedro de Atacama;1152557633;4000;2011-03-21;;Y;12
944;Brand4;STO_944_Los Vilos;1152593219;1000;2014-06-21;;Y;4
945;Brand2;STO_945_Papudo;1152436976;3000;2018-10-25;;Y;8
946;Brand1;STO_946_San Francisco de Mostazal;1152382411;1500;2013-12-25;;Y;5
947;Brand1;STO_947_Copiapó;1152406965;1500;2018-12-21;;Y;5
948;Brand2;STO_948_Quintero;1152270732;4000;2013-10-20;;Y;12
949;Brand4;STO_949_Las Cabras;1152883984;4000;2011-12-08;;Y;12
950;Brand3;STO_950_Los Andes;1152833598;1500;2014-03-10;;Y;5
951;Brand2;STO_951_Purén;1152043737;3000;2019-01-01;;Y;8
952;Brand2;STO_952_Loncoche;1152864736;4000;2018-12-18;;Y;12
953;Brand1;STO_953_Laraquete;1152199352;1500;2017-02-09;;Y;5
954;Brand1;STO_954_Huasco;1152643675;4000;2011-05-24;;Y;12
955;Brand4;STO_955_Curacautín;1152761176;1000;2016-09-20;;Y;4
956;Brand2;STO_956_Collipulli;1152908869;3000;2017-10-16;;Y;8
957;Brand3;STO_957_Talagante;1152696612;4000;2016-12-06;;Y;12
958;Brand1;STO_958_Quintero;1152270732;1500;2019-12-15;;Y;5
959;Brand1;STO_959_La Ligua;1152826056;4000;2011-05-21;;Y;12
960;Brand4;STO_960_La Punta;1152001353;1000;2015-11-02;;Y;4
961;Brand1;STO_961_San Pedro de Atacama;1152557633;1500;2019-11-23;;Y;5
962;Brand1;STO_962_Cabildo;1152995057;1500;2017-04-27;;Y;5
963;Brand4;STO_963_Pinto;1152171336;3000;2014-09-03;;Y;8
964;Brand1;STO_964_Chépica;1152611232;1500;2016-05-01;;Y;5
965;Brand4;STO_965_Lo Miranda;1152468313;1500;2012-10-14;;Y;5
966;Brand1;STO_966_Iquique;1152234625;1000;2017-05-13;;Y;4
967;Brand3;STO_967_San José de Maipo;1152128380;4000;2019-05-11;;Y;12
968;Brand1;STO_968_El Tabo;1152719676;4000;2012-02-25;;Y;12
969;Brand3;STO_969_Los Vilos;1152593219;1500;2014-05-06;;Y;5
970;Brand1;STO_970_Osorno;1152866014;1500;2013-12-05;;Y;5
971;Brand2;STO_971_Yungay;1152990591;3000;2012-03-23;;Y;8
972;Brand3;STO_972_María Pinto;1152556156;3000;2011-03-28;;Y;8
973;Brand1;STO_973_Cabildo;1152995057;4000;2019-12-15;;Y;12
974;Brand4;STO_974_Loncoche;1152864736;1500;2010-02-21;;Y;5
975;Brand4;STO_975_Punta Arenas;1152262933;1000;2015-07-08;;Y;4
976;Brand2;STO_976_San Javier;1152644283;4000;2013-04-09;;Y;12
977;Brand1;STO_977_Lanco;1152703909;1000;2014-04-06;;Y;4
978;Brand3;STO_978_Temuco;1152318955;1000;2010-02-10;;Y;4
979;Brand3;STO_979_Tomé;1152166653;1000;2017-05-18;;Y;4
980;Brand3;STO_980_Huasco;1152643675;3000;2010-10-10;;Y;8
981;Brand4;STO_981_Tomé;1152166653;3000;2013-11-26;;Y;8
982;Brand1;STO_982_Puerto Williams;1152455279;1500;2017-07-11;;Y;5
983;Brand1;STO_983_Coquimbo;1152038253;1500;2014-02-14;;Y;5
984;Brand3;STO_984_Puente Alto;1152516346;4000;2016-01-12;;Y;12
985;Brand3;STO_985_Las Condes;1152858037;4000;2019-01-18;;Y;12
986;Brand3;STO_986_Vallenar;1152000009;1000;2012-05-17;;Y;4
987;Brand4;STO_987_Angol;1152404762;3000;2015-05-04;;Y;8
988;Brand4;STO_988_Oficina María Elena;1152876089;1000;2010-07-23;;Y;4
989;Brand2;STO_989_Las Condes;1152858037;3000;2010-02-23;;Y;8
990;Brand3;STO_990_Panguipulli;1152158717;4000;2012-07-29;;Y;12
991;Brand4;STO_991_Penco;1152993969;3000;2011-08-09;;Y;8
992;Brand4;STO_992_Hanga Roa;1152267672;1500;2015-10-17;;Y;5
993;Brand4;STO_993_Diego de Almagro;1152585849;4000;2012-03-07;;Y;12
994;Brand2;STO_994_La Calera;1152388166;3000;2016-05-24;;Y;8
995;Brand2;STO_995_Lebu;1152064207;3000;2011-12-19;;Y;8
996;Brand3;STO_996_Galvarino;1152385949;1500;2010-10-30;;Y;5
997;Brand1;STO_997_Maipú;1152583016;3000;2019-07-14;;Y;8
998;Brand3;STO_998_Curicó;1152564798;1500;2010-01-19;;Y;5
999;Brand2;STO_999_Tomé;1152166653;1500;2015-09-05;;Y;5
1000;Brand1;STO_1000_Collipulli;1152908869;3000;2015-11-08;;Y;8
